user_id,login_frequency_per_week,avg_session_mins,courses_enrolled,courses_completed,assignment_submission_rate,forum_posts,days_since_last_login,churn
1,7,5,2,1,0.55,0,33,1
2,4,15,2,3,0.72,13,8,0
3,8,61,6,1,0.14,4,25,1
4,5,54,5,3,0.82,13,1,0
5,7,27,4,3,0.67,3,52,1
6,3,31,2,1,0.28,12,42,1
7,7,12,5,0,0.81,14,25,0
8,8,60,4,0,0.27,6,18,1
9,5,10,1,2,0.58,4,18,0
10,4,21,2,2,0.74,9,5,0
11,8,37,7,4,0.91,16,3,0
12,6,8,5,3,0.35,5,38,1
13,2,66,4,1,0.22,1,45,1
14,5,29,3,0,0.61,8,12,0
15,1,78,2,0,0.15,0,50,1
16,6,45,6,2,0.85,11,7,0
17,9,22,3,2,0.9,15,2,0
18,2,18,1,0,0.19,2,40,1
19,3,55,2,1,0.41,3,28,0
20,7,33,4,4,0.77,18,4,0
